Id,Position,First Name,Nickname,Last Name,FPPG,Played,Salary,Game,Team,Opponent,Injury Indicator,Injury Details
17431-28181,RB,Le'Veon,,Bell,23.3249994913737,12,10000,CLE@PIT,PIT,CLE,,
17431-62497,RB,David,,Johnson,24.1266662597656,15,9300,ARI@LA,ARI,LA,,
17431-6498,QB,Tom,,Brady,21.3563634699041,11,9100,NE@MIA,NE,MIA,,
17431-6779,RB,LeSean,,McCoy,19.3714294433594,14,9100,BUF@NYJ,BUF,NYJ,,
17431-31360,WR,Odell,,Beckham Jr.,15.9466664632161,15,8800,NYG@WAS,NYG,WAS,,
17431-6894,QB,Aaron,,Rodgers,23.5213338216146,15,8800,GB@DET,GB,DET,,
17431-38791,RB,Ezekiel,,Elliott,20.5500008719308,14,8800,DAL@PHI,DAL,PHI,,
17431-6616,QB,Matt,,Ryan,21.6679992675781,15,8700,NO@ATL,ATL,NO,,
17431-11612,WR,Antonio,,Brown,16.9533335367839,15,8500,CLE@PIT,PIT,CLE,,
17431-21939,QB,Andrew,,Luck,21.5114288330078,14,8400,JAC@IND,IND,JAC,,
17431-32384,WR,Mike,,Evans,16.0733337402344,15,8400,CAR@TB,TB,CAR,,
17431-6589,QB,Ben,,Roethlisberger,18.9400002615792,14,8300,CLE@PIT,PIT,CLE,,
17431-14190,WR,Julio,,Jones,15.3307694655198,13,8300,NO@ATL,ATL,NO,,
17431-6504,QB,Drew,,Brees,21.7546671549479,15,8200,NO@ATL,NO,ATL,,
17431-6893,WR,Jordy,,Nelson,16.440000406901,15,8200,GB@DET,GB,DET,,
17431-24920,RB,Devonta,,Freeman,15.3933329264323,15,8000,NO@ATL,ATL,NO,,
17431-6654,QB,Matthew,,Stafford,18.2428567068917,14,8000,GB@DET,DET,GB,,
17431-28900,RB,Melvin,,Gordon,17.7000004695012,13,7900,KC@SD,SD,KC,Q,Hip
17431-22038,QB,Kirk,,Cousins,19.9199991861979,15,7900,NYG@WAS,WAS,NYG,,
17431-24849,QB,Jameis,,Winston,17.5480000813802,15,7800,CAR@TB,TB,CAR,,
17431-22031,WR,T.Y.,,Hilton,14.3866668701172,15,7800,JAC@IND,IND,JAC,,
17431-14185,QB,Cam,,Newton,18.3699994768415,14,7800,CAR@TB,CAR,TB,,
17431-14254,RB,DeMarco,,Murray,17.659999593099,15,7800,HOU@TEN,TEN,HOU,,
17431-14377,QB,Tyrod,,Taylor,18.4613342285156,15,7700,BUF@NYJ,BUF,NYJ,,
17431-7968,QB,Philip,,Rivers,17.5386657714844,15,7700,KC@SD,SD,KC,,
17431-31716,QB,Dak,,Prescott,18.894284929548,14,7700,DAL@PHI,DAL,PHI,,
17431-22015,QB,Russell,,Wilson,17.6893330891927,15,7600,SEA@SF,SEA,SF,,
17431-11779,RB,LeGarrette,,Blount,14.5533335367839,15,7600,NE@MIA,NE,MIA,,
17431-34308,QB,Blake,,Bortles,18.1639994303385,15,7600,JAC@IND,JAC,IND,,
17431-11435,WR,Dez,,Bryant,11.7818187366832,11,7500,DAL@PHI,DAL,PHI,Q,Back
17431-6826,QB,Eli,,Manning,15.5319997151693,15,7500,NYG@WAS,NYG,WAS,,
17431-29358,QB,Marcus,,Mariota,17.9293334960938,15,7500,HOU@TEN,TEN,HOU,O,Lower leg
17431-45859,QB,Derek,,Carr,18.2880004882813,15,7500,OAK@DEN,OAK,DEN,O,Lower leg
17431-42142,RB,Jordan,,Howard,14.4357147216797,14,7400,CHI@MIN,CHI,MIN,,
17431-28095,RB,Thomas,,Rawls,7.69999980926514,8,7400,SEA@SF,SEA,SF,Q,Shoulder
17431-6748,QB,Carson,,Palmer,16.851428440639,14,7400,ARI@LA,ARI,LA,,
17431-6714,QB,Joe,,Flacco,16.5200002034505,15,7300,BAL@CIN,BAL,CIN,,
17431-46882,RB,Jay,,Ajayi,13.7428567068917,14,7300,NE@MIA,MIA,NE,Q,Shoulder - ac joint
17431-14187,WR,A.J.,,Green,15.3399993896484,10,7300,BAL@CIN,CIN,BAL,Q,Hamstring
17431-14225,QB,Andy,,Dalton,17.0133331298828,15,7300,BAL@CIN,CIN,BAL,,
17431-16606,WR,DeAndre,,Hopkins,9.50666707356771,15,7200,HOU@TEN,HOU,TEN,,
17431-31459,RB,Spencer,,Ware,12.6642859322684,14,7200,KC@SD,KC,SD,Q,Ribs
17431-14231,QB,Colin,,Kaepernick,19.2240005493164,10,7200,SEA@SF,SF,SEA,,
17431-14626,WR,Doug,,Baldwin,13.4133331298828,15,7100,SEA@SF,SEA,SF,,
17431-29501,WR,Brandin,,Cooks,14.5642852783203,14,7100,NO@ATL,NO,ATL,,
17431-6739,WR,DeSean,,Jackson,10.5785718645368,14,7000,NYG@WAS,WAS,NYG,Q,Jaw
17431-30298,TE,Jordan,,Reed,11.372727134011,11,7000,NYG@WAS,WAS,NYG,Q,Shoulder
17431-28473,RB,Carlos,,Hyde,13.7384620079627,13,7000,SEA@SF,SF,SEA,O,Knee - mcl
17431-21980,WR,Alshon,,Jeffery,10.7818180431019,11,6900,CHI@MIN,CHI,MIN,,
17431-34331,RB,Latavius,,Murray,14.515384380634,13,6900,OAK@DEN,OAK,DEN,,
17431-6808,QB,Matt,,Moore,14.1800003051758,3,6900,NE@MIA,MIA,NE,,
17431-31397,RB,Jeremy,,Hill,11.0533335367839,15,6900,BAL@CIN,CIN,BAL,,
17431-70324,QB,Carson,,Wentz,13.8920003255208,15,6900,DAL@PHI,PHI,DAL,,
17431-6914,TE,Greg,,Olsen,10.9066670735677,15,6900,CAR@TB,CAR,TB,,
17431-33076,TE,Travis,,Kelce,11.9466664632161,15,6800,KC@SD,KC,SD,,
17431-24929,WR,Kelvin,,Benjamin,9.82000020345052,15,6800,CAR@TB,CAR,TB,,
17431-22037,RB,Lamar,,Miller,12.5428575788225,14,6800,HOU@TEN,HOU,TEN,Q,Ankle
17431-7859,WR,Julian,,Edelman,10.240000406901,15,6800,NE@MIA,NE,MIA,,
17431-28434,QB,Trevor,,Siemian,14.3846153846154,13,6800,OAK@DEN,DEN,OAK,,
17431-45889,WR,Davante,,Adams,12.6066670735677,15,6800,GB@DET,GB,DET,,
17431-29734,RB,Ty,,Montgomery,7.92142868041992,14,6700,GB@DET,GB,DET,,
17431-11414,QB,Sam,,Bradford,14.4985711233956,14,6700,CHI@MIN,MIN,CHI,,
17431-7659,QB,Ryan,,Fitzpatrick,10.3076923076923,13,6700,BUF@NYJ,NYJ,BUF,,
17431-33557,TE,Tyler,,Eifert,10.4875001907349,8,6700,BAL@CIN,CIN,BAL,IR,Back
17431-28573,WR,Michael,,Thomas,13.0785718645368,14,6700,NO@ATL,NO,ATL,,
17431-11432,WR,Demaryius,,Thomas,11.640000406901,15,6600,OAK@DEN,DEN,OAK,,
17431-25969,QB,Tom,,Savage,9.27000045776367,2,6600,HOU@TEN,HOU,TEN,,
17431-6883,WR,Larry,,Fitzgerald,11.8333333333333,15,6600,ARI@LA,ARI,LA,,
17431-8005,QB,Alex,,Smith,14.7585710797991,14,6600,KC@SD,KC,SD,,
17431-14320,RB,Bilal,,Powell,9.78666687011719,15,6600,BUF@NYJ,NYJ,BUF,,
17431-11505,WR,Emmanuel,,Sanders,11.540000406901,15,6500,OAK@DEN,DEN,OAK,,
17431-53681,WR,Tyreek,,Hill,11.459999593099,15,6500,KC@SD,KC,SD,,
17431-21970,RB,Doug,,Martin,9.8125,8,6500,CAR@TB,TB,CAR,,
17431-6703,RB,Adrian,,Peterson,2.5,3,6500,CHI@MIN,MIN,CHI,Q,Knee
17431-39716,WR,Adam,,Thielen,10.6333333333333,15,6500,CHI@MIN,MIN,CHI,,
17431-29605,QB,Matt,,Barkley,12.9399998982747,6,6500,CHI@MIN,CHI,MIN,,
17431-62535,WR,Tyrell,,Williams,11.4933329264323,15,6400,KC@SD,SD,KC,,
17431-27776,RB,Tevin,,Coleman,13.5166664123535,12,6400,NO@ATL,ATL,NO,,
17431-11512,TE,Jimmy,,Graham,9.89333292643229,15,6400,SEA@SF,SEA,SF,,
17431-31001,WR,Amari,,Cooper,11.8666666666667,15,6400,OAK@DEN,OAK,DEN,,
17431-38435,QB,Jared,,Goff,9.22666676839193,6,6400,ARI@LA,LA,ARI,,
17431-30447,RB,Todd,,Gurley,11.1333333333333,15,6400,ARI@LA,LA,ARI,,
17431-31874,RB,Kenneth,,Farrow,3.07000007629395,10,6300,KC@SD,SD,KC,IR,Shoulder
17431-33260,WR,DeVante,,Parker,8.52857153756278,14,6300,NE@MIA,MIA,NE,,
17431-31394,WR,Jarvis,,Landry,11.0799997965495,15,6300,NE@MIA,MIA,NE,,
17431-29593,WR,Marqise,,Lee,9.02000020345052,15,6300,JAC@IND,JAC,IND,,
17431-21941,QB,Robert,,Griffin III,12.9899997711182,4,6200,CLE@PIT,CLE,PIT,Q,Concussion
17431-6733,RB,Jonathan,,Stewart,10.7249997456869,12,6200,CAR@TB,CAR,TB,,
17431-6840,RB,Frank,,Gore,12.4466664632161,15,6200,JAC@IND,IND,JAC,,
17431-6863,TE,Delanie,,Walker,10.6857147216797,14,6200,HOU@TEN,TEN,HOU,,
17431-6899,RB,Matt,,Forte,12.0428575788225,14,6200,BUF@NYJ,NYJ,BUF,Q,Shoulder
17431-24641,WR,Sammy,,Watkins,9.12857164655413,7,6100,BUF@NYJ,BUF,NYJ,,
17431-9392,WR,Michael,,Crabtree,12.5066670735677,15,6100,OAK@DEN,OAK,DEN,,
17431-6535,WR,Kenny,,Britt,10.8133331298828,15,6100,ARI@LA,LA,ARI,Q,Shoulder
17431-54684,RB,Isaiah,,Crowell,11.2533335367839,15,6100,CLE@PIT,CLE,PIT,,
17431-54782,TE,Cameron,,Brate,9.5,15,6100,CAR@TB,TB,CAR,Q,Back
17431-7778,QB,Matt,,Cassel,2.82000001271566,3,6100,HOU@TEN,TEN,HOU,,
17431-14211,RB,Mark,,Ingram,13.1333333333333,15,6100,NO@ATL,NO,ATL,,
17431-28643,WR,Allen,,Robinson,10.140000406901,15,6100,JAC@IND,JAC,IND,,
17431-28677,QB,Matt,,McGloin,0.430000007152557,2,6000,OAK@DEN,OAK,DEN,,
17431-29715,QB,Kevin,,Hogan,6.21999994913737,3,6000,CLE@PIT,CLE,PIT,,
17431-31798,QB,Bryce,,Petty,6.54333305358887,6,6000,BUF@NYJ,NYJ,BUF,Q,Shoulder - labrum
17431-25812,QB,Stephen,,Morris,0,0,6000,JAC@IND,IND,JAC,,
17431-54604,QB,Jimmy,,Garoppolo,7.09599990844727,5,6000,NE@MIA,NE,MIA,,
17431-14696,QB,Scott,,Tolzien,5.46999979019165,2,6000,JAC@IND,IND,JAC,,
17431-21948,QB,Ryan,,Tannehill,15.5538459190956,13,6000,NE@MIA,MIA,NE,O,Knee
17431-21959,QB,Brandon,,Weeden,11.4033330281576,6,6000,HOU@TEN,HOU,TEN,,
17431-22994,QB,Case,,Keenum,12.2139999389648,10,6000,ARI@LA,LA,ARI,,
17431-21994,QB,Brock,,Osweiler,11.7328567504883,14,6000,HOU@TEN,HOU,TEN,,
17431-6639,QB,Tony,,Romo,11.914999961853,4,6000,DAL@PHI,DAL,PHI,,
17431-25079,WR,Stefon,,Diggs,11.6384617732121,13,6000,CHI@MIN,MIN,CHI,,
17431-22027,QB,Nick,,Foles,14,2,6000,KC@SD,KC,SD,,
17431-6679,QB,Matt,,Schaub,0.146666665871938,3,6000,NO@ATL,ATL,NO,,
17431-30231,QB,Jacoby,,Brissett,9.43333307902018,3,6000,NE@MIA,NE,MIA,,
17431-22047,TE,Ladarius,,Green,7.56666692097982,6,6000,CLE@PIT,PIT,CLE,Q,Concussion
17431-7744,QB,Drew,,Stanton,3.26500010490417,4,6000,ARI@LA,ARI,LA,,
17431-6728,RB,Jamaal,,Charles,4.13333320617676,3,6000,KC@SD,KC,SD,IR,Knee
17431-6759,WR,Brandon,,Marshall,8.42000020345052,15,6000,BUF@NYJ,NYJ,BUF,Q,Hip
17431-6803,QB,Josh,,McCown,11.6199996948242,5,6000,CLE@PIT,CLE,PIT,,
17431-33463,QB,Paxton,,Lynch,9.79333305358887,3,6000,OAK@DEN,DEN,OAK,,
17431-6844,QB,Shaun,,Hill,5.23999977111816,2,6000,CHI@MIN,MIN,CHI,,
17431-7872,QB,Brian,,Hoyer,13.2666664123535,6,6000,CHI@MIN,CHI,MIN,IR,Forearm
17431-32514,QB,Trevone,,Boykin,2.1733333269755,3,6000,SEA@SF,SEA,SF,,
17431-27405,QB,Landry,,Jones,2.30666669209798,6,6000,CLE@PIT,PIT,CLE,,
17431-22288,WR,Cole,,Beasley,10.0428575788225,14,6000,DAL@PHI,DAL,PHI,,
17431-7970,QB,Charlie,,Whitehurst,10.3800001144409,1,6000,CLE@PIT,CLE,PIT,,
17431-25410,QB,Mike,,Glennon,9,1,6000,CAR@TB,TB,CAR,,
17431-31561,WR,Donte,,Moncrief,9.73333316379123,9,6000,JAC@IND,IND,JAC,Q,Shoulder
17431-28515,QB,Cardale,,Jones,0,0,6000,BUF@NYJ,BUF,NYJ,,
17431-14194,QB,Blaine,,Gabbert,13.1999994913737,6,6000,SEA@SF,SF,SEA,,
17431-29587,QB,Cody,,Kessler,8.77777777777778,9,6000,CLE@PIT,CLE,PIT,,
17431-14267,QB,Ryan,,Mallett,-0.01333333303531,3,6000,BAL@CIN,BAL,CIN,,
17431-29780,TE,Zach,,Ertz,8.63076899601863,13,5900,DAL@PHI,PHI,DAL,,
17431-24755,WR,Jamison,,Crowder,10.759999593099,15,5900,NYG@WAS,WAS,NYG,,
17431-31047,QB,AJ,,McCarron,8.17999976021903,7,5900,BAL@CIN,CIN,BAL,,
17431-30428,WR,Malcolm,,Mitchell,6.67499987284343,12,5900,NE@MIA,NE,MIA,,
17431-15212,WR,Terrelle,,Pryor Sr.,10.8026662190755,15,5900,CLE@PIT,CLE,PIT,,
17431-14237,TE,Kyle,,Rudolph,9.62000020345052,15,5900,CHI@MIN,MIN,CHI,,
17431-33766,RB,Rob,,Kelley,9.48461561936599,13,5900,NYG@WAS,WAS,NYG,Q,Knee
17431-62538,WR,Cameron,,Meredith,10.3307694655198,13,5800,CHI@MIN,CHI,MIN,,
17431-11495,WR,Brandon,,LaFell,9.58666687011719,15,5800,BAL@CIN,CIN,BAL,,
17431-6448,TE,Martellus,,Bennett,8.65333353678385,15,5800,NE@MIA,NE,MIA,,
17431-44449,WR,Willie,,Snead,10.4142859322684,14,5800,NO@ATL,NO,ATL,,
17431-6735,WR,Steve,,Smith Sr.,11.0769230769231,13,5800,BAL@CIN,BAL,CIN,,
17431-22163,WR,Rishard,,Matthews,10.4733337402344,15,5800,HOU@TEN,TEN,HOU,,
17431-25272,TE,Eric,,Ebron,8.30000027743253,11,5800,GB@DET,DET,GB,,
17431-7965,TE,Antonio,,Gates,8.94166692097982,12,5800,KC@SD,SD,KC,,
17431-40843,RB,Alex,,Collins,3,8,5800,SEA@SF,SEA,SF,,
17431-11485,WR,Golden,,Tate,10.8142852783203,14,5700,GB@DET,DET,GB,,
17431-14645,WR,Dontrelle,,Inman,8.46000010172526,15,5700,KC@SD,SD,KC,,
17431-54753,WR,Taylor,,Gabriel,10.2083333333333,12,5700,NO@ATL,ATL,NO,,
17431-14362,TE,Charles,,Clay,7.44285692487444,14,5600,BUF@NYJ,BUF,NYJ,,
17431-54607,RB,Terrance,,West,9.9,15,5600,BAL@CIN,BAL,CIN,,
17431-22103,WR,Marvin,,Jones Jr.,10.2000004695012,13,5600,GB@DET,DET,GB,,
17431-6774,WR,Pierre,,Garcon,10,15,5600,NYG@WAS,WAS,NYG,,
17431-31406,RB,Alfred,,Blue,3.88461538461538,13,5600,HOU@TEN,HOU,TEN,,
17431-8052,RB,Rashad,,Jennings,9.05833307902018,12,5600,NYG@WAS,NYG,WAS,,
17431-30837,WR,Jordan,,Matthews,9.63571384974888,14,5500,DAL@PHI,PHI,DAL,,
17431-11500,QB,Colt,,McCoy,8.81999969482422,1,5500,NYG@WAS,WAS,NYG,,
17431-22848,QB,Austin,,Davis,7.39333343505859,3,5500,OAK@DEN,DEN,OAK,,
17431-6607,WR,Mike,,Wallace,10.7666666666667,15,5500,BAL@CIN,BAL,CIN,,
17431-7844,QB,Chad,,Henne,-0.200000002980232,1,5500,JAC@IND,JAC,IND,,
17431-7972,RB,Darren,,Sproles,9.38571384974888,14,5500,DAL@PHI,PHI,DAL,,
17431-24891,RB,Chris,,Thompson,7.72000020345052,15,5400,NYG@WAS,WAS,NYG,,
17431-6828,RB,Tim,,Hightower,7.12666676839193,15,5400,NO@ATL,NO,ATL,,
17431-33578,RB,Jalen,,Richard,6.71333312988281,15,5400,OAK@DEN,OAK,DEN,,
17431-14257,WR,Randall,,Cobb,9.1000002347506,13,5400,GB@DET,GB,DET,Q,Ankle
17431-7283,WR,Jeremy,,Maclin,7.29090881347656,11,5300,KC@SD,KC,SD,,
17431-34154,WR,J.J.,,Nelson,8.66153834416316,13,5300,ARI@LA,ARI,LA,,
17431-10647,K,Matt,,Bryant,11.4,15,5300,NO@ATL,ATL,NO,,
17431-11864,RB,Chris,,Ivory,7.68181818181818,11,5300,JAC@IND,JAC,IND,Q,Hamstring
17431-39580,RB,Devontae,,Booker,6.88666687011719,15,5300,OAK@DEN,DEN,OAK,,
17431-6857,RB,Justin,,Forsett,5.32499980926514,8,5300,OAK@DEN,DEN,OAK,,
17431-40845,TE,Hunter,,Henry,8.29166666666667,12,5300,KC@SD,SD,KC,,
17431-14336,RB,Jacquizz,,Rodgers,8.43333350287544,9,5200,CAR@TB,TB,CAR,,
17431-14339,RB,Dion,,Lewis,6.66666666666667,6,5200,NE@MIA,NE,MIA,,
17431-11425,RB,Ryan,,Mathews,10.6230773925781,13,5200,DAL@PHI,PHI,DAL,O,Back
17431-12550,D,Seattle,,Seahawks,7.33333333333333,15,5200,SEA@SF,SEA,SF,,
17431-54608,RB,Jerick,,McKinnon,7.31428582327707,14,5200,CHI@MIN,MIN,CHI,,
17431-43413,RB,Kenneth,,Dixon,6.69090895219283,11,5200,BAL@CIN,BAL,CIN,,
17431-23045,K,Justin,,Tucker,11.4,15,5200,BAL@CIN,BAL,CIN,,
17431-6668,K,Adam,,Vinatieri,9.46666666666667,15,5200,JAC@IND,IND,JAC,,
17431-30237,RB,Mike,,Gillislee,7.83571406773159,14,5200,BUF@NYJ,BUF,NYJ,,
17431-26251,WR,Robby,,Anderson,6.73846142108624,13,5200,BUF@NYJ,NYJ,BUF,,
17431-27441,RB,Damien,,Williams,5.68571417672294,14,5200,NE@MIA,MIA,NE,,
17431-27477,WR,Sterling,,Shepard,9.77999979654948,15,5200,NYG@WAS,NYG,WAS,,
17431-14198,QB,Christian,,Ponder,0,0,5200,SEA@SF,SF,SEA,,
17431-29685,WR,Robert,,Woods,7.25833320617676,12,5200,BUF@NYJ,BUF,NYJ,,
17431-42028,WR,Will,,Fuller V,7.75384638859676,13,5100,HOU@TEN,HOU,TEN,,
17431-12547,D,Pittsburgh,,Steelers,6.33333333333333,15,5100,CLE@PIT,PIT,CLE,,
17431-30989,RB,Kenyan,,Drake,3.66666666666667,12,5100,NE@MIA,MIA,NE,,
17431-31061,RB,T.J.,,Yeldon,7.51333312988281,15,5100,JAC@IND,JAC,IND,Q,Ankle
17431-14704,WR,Chris,,Hogan,7.51428549630301,14,5100,NE@MIA,NE,MIA,,
17431-39280,RB,Derrick,,Henry,6.60769242506761,13,5100,HOU@TEN,TEN,HOU,,
17431-28144,TE,Dion,,Sims,5.21666653951009,12,5100,NE@MIA,MIA,NE,,
17431-22004,TE,Dwayne,,Allen,6.55384591909555,13,5100,JAC@IND,IND,JAC,,
17431-22018,WR,Mohamed,,Sanu,7.72142846243722,14,5100,NO@ATL,ATL,NO,,
17431-22048,RB,Robert,,Turbin,6.07142857142857,14,5100,JAC@IND,IND,JAC,,
17431-33465,RB,Theo,,Riddick,13.5300003051758,10,5100,GB@DET,DET,GB,D,Wrist
17431-40669,WR,Tyler,,Boyd,6.04666646321615,15,5100,BAL@CIN,CIN,BAL,,
17431-34729,RB,Dwayne,,Washington,4.05999984741211,10,5100,GB@DET,DET,GB,,
17431-30788,QB,Tyler,,Bray,0,0,5000,KC@SD,KC,SD,,
17431-53331,QB,Taylor,,Heinicke,0,0,5000,CHI@MIN,MIN,CHI,,
17431-31871,RB,Charles,,Sims,7.98571450369699,7,5000,CAR@TB,TB,CAR,,
17431-27801,QB,Nate,,Sudfeld,0,0,5000,NYG@WAS,WAS,NYG,,
17431-29915,QB,Brett,,Hundley,-0.129999995231628,4,5000,GB@DET,GB,DET,,
17431-6373,QB,Derek,,Anderson,5.38000011444092,4,5000,CAR@TB,CAR,TB,,
17431-26877,QB,Jake,,Heaps,0,0,5000,SEA@SF,SEA,SF,,
17431-27982,QB,Jake,,Rudock,0,0,5000,GB@DET,DET,GB,,
17431-11615,QB,Joe,,Webb,0.114285715988704,7,5000,CAR@TB,CAR,TB,,
17431-24949,QB,EJ,,Manuel,1.29999995231628,4,5000,BUF@NYJ,BUF,NYJ,,
17431-30108,WR,Marquess,,Wilson,8.83333333333333,3,5000,CHI@MIN,CHI,MIN,IR,Foot
17431-14757,RB,Matt,,Asiata,7.36666666666667,15,5000,CHI@MIN,MIN,CHI,,
17431-54705,QB,Dustin,,Vaughan,0,0,5000,CLE@PIT,PIT,CLE,,
17431-31170,QB,Brandon,,Allen,0,0,5000,JAC@IND,JAC,IND,,
17431-44500,QB,Keith,,Wenning,0,0,5000,BAL@CIN,CIN,BAL,,
17431-70127,QB,Griffin,,Neal,0,0,5000,NO@ATL,NO,ATL,,
17431-28163,QB,Connor,,Cook,0,0,5000,OAK@DEN,OAK,DEN,,
17431-26141,QB,Ryan,,Nassib,6.71999979019165,1,5000,NYG@WAS,NYG,WAS,IR,Elbow
17431-6687,QB,Mark,,Sanchez,0.119999997317791,1,5000,DAL@PHI,DAL,PHI,,
17431-23075,QB,Alex,,Tanney,7.96000003814697,1,5000,HOU@TEN,TEN,HOU,,
17431-30253,QB,Jeff,,Driskel,0,0,5000,BAL@CIN,CIN,BAL,,
17431-8803,QB,Chase,,Daniel,0.639999985694885,1,5000,DAL@PHI,PHI,DAL,,
17431-32366,QB,Jameill,,Showers,0,0,5000,DAL@PHI,DAL,PHI,,
17431-6782,K,Matt,,Prater,9.78571428571429,14,5000,GB@DET,DET,GB,,
17431-7831,K,Sebastian,,Janikowski,9.33333333333333,15,5000,OAK@DEN,OAK,DEN,,
17431-34459,QB,B.J.,,Daniels,0.9200000166893,4,5000,NO@ATL,ATL,NO,,
17431-47772,QB,Brandon,,Doughty,0,0,5000,NE@MIA,MIA,NE,,
17431-31421,QB,Zach,,Mettenberger,7.02857153756278,7,5000,CLE@PIT,PIT,CLE,,
17431-45797,QB,Garrett,,Grayson,0,1,5000,NO@ATL,NO,ATL,,
17431-7919,QB,Kellen,,Clemens,-0.100000001490116,1,5000,KC@SD,SD,KC,,
17431-26355,QB,Logan,,Thomas,0,0,5000,BUF@NYJ,BUF,NYJ,,
17431-41732,QB,Christian,,Hackenberg,0,0,5000,BUF@NYJ,NYJ,BUF,,
17431-29445,QB,Sean,,Mannion,1.24000000953674,1,5000,ARI@LA,LA,ARI,,
17431-70446,QB,Joe,,Callahan,0,0,5000,GB@DET,GB,DET,,
17431-70464,QB,Josh,,Woodrum,0,0,5000,CHI@MIN,CHI,MIN,,
17431-8023,QB,Josh,,Johnson,0,0,5000,NYG@WAS,NYG,WAS,,
17431-8051,QB,Luke,,McCown,6.19999980926514,2,5000,NO@ATL,NO,ATL,,
17431-8071,QB,Dan,,Orlovsky,5.51999998092651,2,5000,GB@DET,DET,GB,,
17431-33702,QB,Ryan,,Griffin,0,0,5000,CAR@TB,TB,CAR,,
17431-43956,QB,David,,Fales,0,0,5000,CHI@MIN,CHI,MIN,Q,Thumb
17431-12536,D,Kansas City,,Chiefs,10.4,15,4900,KC@SD,KC,SD,,
17431-6479,WR,Anquan,,Boldin,8.60000010899135,14,4900,GB@DET,DET,GB,,
17431-47523,WR,Tajae,,Sharpe,5.65333353678385,15,4900,HOU@TEN,TEN,HOU,,
17431-6627,WR,Ted,,Ginn Jr.,8.04666646321615,15,4900,CAR@TB,CAR,TB,,
17431-22035,WR,Travis,,Benjamin,7.77857153756278,14,4900,KC@SD,SD,KC,,
17431-6704,WR,Percy,,Harvin,2.70000004768372,1,4900,BUF@NYJ,BUF,NYJ,O,Migraine
17431-38509,RB,Wendell,,Smallwood,4.14166673024495,12,4900,DAL@PHI,PHI,DAL,IR,Knee
17431-32418,RB,Christine,,Michael,8.85000010899135,14,4900,GB@DET,GB,DET,,
17431-27457,WR,Kenny,,Stills,9.03333333333333,15,4900,NE@MIA,MIA,NE,,
17431-26458,WR,Tavon,,Austin,8.34285736083984,14,4900,ARI@LA,LA,ARI,,
17431-25837,RB,Duke,,Johnson Jr.,7.82000020345052,15,4800,CLE@PIT,CLE,PIT,Q,Ankle
17431-12526,D,Buffalo,,Bills,6.93333333333333,15,4800,BUF@NYJ,BUF,NYJ,,
17431-12531,D,Denver,,Broncos,9.4,15,4800,OAK@DEN,DEN,OAK,,
17431-48380,K,Wil,,Lutz,9.2,15,4800,NO@ATL,NO,ATL,,
17431-27908,TE,C.J.,,Fiedorowicz,7.0499997820173,14,4800,HOU@TEN,HOU,TEN,,
17431-54606,WR,John,,Brown,6.20769207294171,13,4800,ARI@LA,ARI,LA,,
17431-24912,K,Dustin,,Hopkins,9.8,15,4800,NYG@WAS,WAS,NYG,,
17431-52560,WR,Geronimo,,Allison,3.51666673024495,6,4800,GB@DET,GB,DET,,
17431-11609,RB,James,,Starks,5.48888905843099,9,4800,GB@DET,GB,DET,Q,Concussion
17431-21971,TE,Coby,,Fleener,7.13333333333333,15,4800,NO@ATL,NO,ATL,,
17431-6641,TE,Jason,,Witten,7.57142857142857,14,4800,DAL@PHI,DAL,PHI,,
17431-32243,WR,Marquise,,Goodwin,5.71538485013522,13,4800,BUF@NYJ,BUF,NYJ,,
17431-10744,K,Graham,,Gano,9,15,4800,CAR@TB,CAR,TB,,
17431-27134,WR,Dorial,,Green-Beckham,5.16923053448017,13,4800,DAL@PHI,PHI,DAL,,
17431-28202,RB,Jeremy,,Langford,5.22727272727273,11,4800,CHI@MIN,CHI,MIN,,
17431-7761,TE,Jared,,Cook,5.45555538601345,9,4800,GB@DET,GB,DET,,
17431-14952,K,Dan,,Bailey,9,14,4800,DAL@PHI,DAL,PHI,,
17431-6870,TE,Vernon,,Davis,6.17142868041992,14,4800,NYG@WAS,WAS,NYG,,
17431-31732,WR,Corey,,Coleman,7.71111128065321,9,4800,CLE@PIT,CLE,PIT,,
17431-14349,WR,Jeremy,,Kerley,7.03999989827474,15,4700,SEA@SF,SF,SEA,,
17431-29725,TE,Levine,,Toilolo,3.54999987284342,12,4700,NO@ATL,ATL,NO,,
17431-30775,WR,Justin,,Hunter,5.125,8,4700,BUF@NYJ,BUF,NYJ,,
17431-31836,WR,Terrance,,Williams,6.5,13,4700,DAL@PHI,DAL,PHI,,
17431-22754,TE,Garrett,,Celek,4.84166653951009,12,4700,SEA@SF,SF,SEA,,
17431-12546,D,Arizona,,Cardinals,8.2,15,4700,ARI@LA,ARI,LA,,
17431-11532,TE,Dennis,,Pitta,7.42000020345052,15,4700,BAL@CIN,BAL,CIN,,
17431-32058,K,Chris,,Boswell,7.64285714285714,14,4700,CLE@PIT,PIT,CLE,,
17431-60745,K,Jason,,Myers,8.26666666666667,15,4700,JAC@IND,JAC,IND,,
17431-33137,WR,Justin,,Hardy,3.54166666666667,12,4700,NO@ATL,ATL,NO,,
17431-54687,RB,Charcandrick,,West,3.85714285714286,14,4700,KC@SD,KC,SD,,
17431-28080,WR,Devin,,Funchess,5.32857131958008,14,4700,CAR@TB,CAR,TB,Q,Knee
17431-33244,WR,Eli,,Rogers,7.74166679382324,12,4700,CLE@PIT,PIT,CLE,,
17431-34295,WR,Breshad,,Perriman,5.45714296613421,14,4700,BAL@CIN,BAL,CIN,,
17431-6724,K,Steven,,Hauschka,8.33333333333333,15,4700,SEA@SF,SEA,SF,,
17431-6810,K,Dan,,Carpenter,6.6,15,4700,BUF@NYJ,BUF,NYJ,,
17431-29357,RB,Kenjon,,Barner,2.87272730740634,11,4700,DAL@PHI,PHI,DAL,IR,Hamstring
17431-7900,K,Stephen,,Gostkowski,8.66666666666667,15,4700,NE@MIA,NE,MIA,,
17431-6897,K,Mason,,Crosby,8.13333333333333,15,4700,GB@DET,GB,DET,,
17431-12090,K,Nick,,Novak,9.71428571428571,14,4700,HOU@TEN,HOU,TEN,,
17431-14317,TE,Julius,,Thomas,7.45555538601345,9,4700,JAC@IND,JAC,IND,IR,Back
17431-29683,WR,Nelson,,Agholor,5,14,4700,DAL@PHI,PHI,DAL,,
17431-30733,WR,Cordarrelle,,Patterson,5.94666646321615,15,4600,CHI@MIN,MIN,CHI,,
17431-62619,K,Andrew,,Franks,6,15,4600,NE@MIA,MIA,NE,,
17431-40126,TE,Austin,,Hooper,4.9636362249201,11,4600,NO@ATL,ATL,NO,Q,Knee
17431-12534,D,Tennessee,,Titans,5.66666666666667,15,4600,HOU@TEN,TEN,HOU,,
17431-12540,D,Minnesota,,Vikings,9.13333333333333,15,4600,CHI@MIN,MIN,CHI,,
17431-12541,D,New England,,Patriots,8.26666666666667,15,4600,NE@MIA,NE,MIA,,
17431-12552,D,Washington,,Redskins,6.2,15,4600,NYG@WAS,WAS,NYG,,
17431-12556,D,Houston,,Texans,5.93333333333333,15,4600,HOU@TEN,HOU,TEN,,
17431-24847,TE,Will,,Tye,4.18666661580404,15,4600,NYG@WAS,NYG,WAS,,
17431-6427,K,Connor,,Barth,5.73333333333333,15,4600,CHI@MIN,CHI,MIN,,
17431-27050,WR,Tyler,,Lockett,6.90666656494141,15,4600,SEA@SF,SEA,SF,O,Leg
17431-11712,RB,Joique,,Bell,0.449999988079071,2,4600,GB@DET,DET,GB,,
17431-21952,WR,Michael,,Floyd,6.63076899601863,13,4600,NE@MIA,NE,MIA,,
17431-31241,WR,Sammie,,Coates,5.61666679382324,12,4600,CLE@PIT,PIT,CLE,Q,Hamstring
17431-6742,TE,Brent,,Celek,2.34444448682997,9,4600,DAL@PHI,PHI,DAL,,
17431-29314,TE,Richard,,Rodgers,3.7285714830671,14,4600,GB@DET,GB,DET,,
17431-26247,K,Brandon,,McManus,8.43999989827474,15,4600,OAK@DEN,DEN,OAK,,
17431-15006,RB,Shaun,,Draughn,5.34615384615385,13,4600,SEA@SF,SF,SEA,,
17431-22336,WR,Joshua,,Bellamy,3.79999987284342,12,4600,CHI@MIN,CHI,MIN,,
17431-14240,TE,Lance,,Kendricks,5.51333312988281,15,4600,ARI@LA,LA,ARI,,
17431-33703,WR,Ryan,,Grant,1.10000003467907,11,4600,NYG@WAS,WAS,NYG,,
17431-33714,K,Cairo,,Santos,8.4,15,4600,KC@SD,KC,SD,,
17431-39859,TE,Jack,,Doyle,7.19333343505859,15,4600,JAC@IND,IND,JAC,,
17431-31748,WR,Levi,,Norwood,0,0,4500,CLE@PIT,PIT,CLE,,
17431-57348,RB,Glenn,,Winston,-2.79999995231628,1,4500,CLE@PIT,CLE,PIT,IR,Shoulder
17431-46088,RB,Jhurell,,Pressley,0,0,4500,NO@ATL,ATL,NO,,
17431-54280,WR,Duke,,Williams,0,0,4500,ARI@LA,LA,ARI,,
17431-14348,TE,Lee,,Smith,1.96666669845581,3,4500,OAK@DEN,OAK,DEN,IR,Ankle
17431-24589,WR,Jaron,,Brown,5.03333346048991,6,4500,ARI@LA,ARI,LA,IR,Knee
17431-12305,RB,Will,,Tukuafu,0.066666667660077,3,4500,SEA@SF,SEA,SF,IR,Concussion
17431-14355,TE,Niles,,Paul,1.85000002384186,2,4500,NYG@WAS,WAS,NYG,IR,Shoulder
17431-14358,WR,Dwayne,,Harris,0.386666679382324,15,4500,NYG@WAS,NYG,WAS,,
17431-28694,TE,Jesse,,James,4.57999979654948,15,4500,CLE@PIT,PIT,CLE,,
17431-27672,TE,Matt,,LaCosse,3.70000004768372,1,4500,NYG@WAS,NYG,WAS,IR,Knee
17431-29723,RB,Stepfan,,Taylor,0.600000023841858,2,4500,ARI@LA,ARI,LA,,
17431-14369,RB,Jordan,,Todman,0.991666634877523,12,4500,JAC@IND,IND,JAC,,
17431-26657,RB,Christian,,Powell,0,0,4500,CLE@PIT,PIT,CLE,,
17431-14372,WR,Aldrick,,Robinson,4.14166673024495,12,4500,NO@ATL,ATL,NO,,
17431-32807,TE,Anthony,,Denham,0,0,4500,DAL@PHI,PHI,DAL,,
17431-62505,TE,MyCole,,Pruitt,1.20000004768372,1,4500,CHI@MIN,CHI,MIN,,
17431-21547,RB,Will,,Johnson,2.26000003814697,5,4500,NYG@WAS,NYG,WAS,IR,Shoulder
17431-27692,RB,Josh,,Ferguson,1.96923079857459,13,4500,JAC@IND,IND,JAC,,
17431-62508,TE,James,,O'Shaughnessy,0.299999992052714,3,4500,KC@SD,KC,SD,,
17431-24621,WR,Charone,,Peake,3.08999996185303,10,4500,BUF@NYJ,NYJ,BUF,,
17431-33840,WR,Keyarris,,Garrett,0,0,4500,CAR@TB,CAR,TB,,
17431-28721,RB,Brandon,,Cottom,0,0,4500,SEA@SF,SEA,SF,IR,Achilles
17431-62515,TE,Neal,,Sterling,3.4,5,4500,JAC@IND,JAC,IND,Q,Concussion
17431-14394,TE,Virgil,,Green,3.5,9,4500,OAK@DEN,DEN,OAK,Q,Concussion
17431-28735,WR,Daniel,,Anthrop,0,0,4500,JAC@IND,IND,JAC,,
17431-14406,RB,Bruce,,Miller,2.58999996185303,10,4500,SEA@SF,SF,SEA,,
17431-28744,RB,Raheem,,Mostert,-0.25,8,4500,SEA@SF,SF,SEA,,
17431-29768,RB,Patrick,,Skov,0,0,4500,CLE@PIT,CLE,PIT,,
17431-7244,RB,John,,Kuhn,3.7461539048415,13,4500,NO@ATL,NO,ATL,,
17431-62544,RB,Brandon,,Wegher,0,1,4500,ARI@LA,LA,ARI,,
17431-30807,TE,Mychal,,Rivera,3.58888880411784,9,4500,OAK@DEN,OAK,DEN,,
17431-25694,RB,Andre,,Williams,2.18125009536743,16,4500,KC@SD,SD,KC,,
17431-24671,WR,Adam,,Humphries,6.50714274815151,14,4500,CAR@TB,TB,CAR,,
17431-48224,TE,Wes,,Saxton,0,1,4500,NYG@WAS,WAS,NYG,,
17431-24679,RB,Zac,,Brooks,0,0,4500,OAK@DEN,DEN,OAK,,
17431-24682,RB,Andre,,Ellington,1.57692307692308,13,4500,ARI@LA,ARI,LA,,
17431-29805,RB,Ryan,,Hewitt,1.14999997615814,2,4500,BAL@CIN,CIN,BAL,,
17431-10354,RB,Marcel,,Reece,2.73333326975505,3,4500,SEA@SF,SEA,SF,,
17431-27771,WR,Cody,,Latimer,0.912500023841858,8,4500,OAK@DEN,DEN,OAK,,
17431-29821,WR,Jordan,,Payton,0.400000005960465,2,4500,CLE@PIT,CLE,PIT,O,Suspension
17431-29830,WR,Shaq,,Evans,0,0,4500,NE@MIA,NE,MIA,,
17431-28807,TE,Gabe,,Holmes,0,0,4500,OAK@DEN,OAK,DEN,IR,Ankle
17431-62600,WR,Joshua,,Stangby,0,0,4500,JAC@IND,IND,JAC,,
17431-28815,RB,Akeem,,Hunt,2.18571431296212,7,4500,HOU@TEN,HOU,TEN,,
17431-24720,TE,Braxton,,Deaver,0,0,4500,CAR@TB,CAR,TB,,
17431-25751,TE,Chris,,Pantale,0,0,4500,DAL@PHI,PHI,DAL,,
17431-62616,RB,Zach,,Zenner,4.75555547078451,9,4500,GB@DET,DET,GB,,
17431-62617,TE,Khari,,Lee,0,1,4500,GB@DET,DET,GB,,
17431-11419,RB,C.J.,,Spiller,2.63333336512248,6,4500,BUF@NYJ,NYJ,BUF,,
17431-29854,TE,Kevin,,McDermott,0,16,4500,CHI@MIN,MIN,CHI,,
17431-62623,RB,John,,Crockett,1.04999995231628,2,4500,GB@DET,GB,DET,IR,Shoulder
17431-25760,WR,Allen,,Hurns,7.56363608620384,11,4500,JAC@IND,JAC,IND,Q,Hamstring
17431-62628,WR,DeAndre,,Carter,0,0,4500,NE@MIA,NE,MIA,,
17431-11431,TE,Jermaine,,Gresham,4.63999989827474,15,4500,ARI@LA,ARI,LA,,
17431-62631,RB,Gus,,Johnson,0,0,4500,NO@ATL,ATL,NO,,
17431-62633,TE,Matt,,Lengel,8.30000019073486,1,4500,NE@MIA,NE,MIA,,
17431-29866,RB,Paul,,Perkins,4.92499987284343,12,4500,NYG@WAS,NYG,WAS,,
17431-25775,TE,Clive,,Walford,4.87142835344587,14,4500,OAK@DEN,OAK,DEN,,
17431-79024,TE,Michael,,Miller,0,0,4500,JAC@IND,IND,JAC,,
17431-25783,RB,Mike,,James,2.03333330154419,3,4500,GB@DET,DET,GB,,
17431-33978,RB,Devon,,Johnson,0,0,4500,CAR@TB,CAR,TB,IR,Undisclosed
17431-25789,WR,Rashawn,,Scott,0,0,4500,NE@MIA,MIA,NE,,
17431-32957,TE,Eric,,Tomlinson,0,0,4500,BUF@NYJ,NYJ,BUF,,
17431-11454,RB,Dexter,,McCluster,1.21666669845581,6,4500,KC@SD,SD,KC,O,Forearm
17431-11457,WR,Arrelious,,Benn,2.23333337571886,9,4500,JAC@IND,JAC,IND,Q,Concussion
17431-62668,TE,John,,Peters,0,0,4500,BAL@CIN,CIN,BAL,,
17431-57556,TE,Jerome,,Cunningham,1.64999993642171,6,4500,HOU@TEN,TEN,HOU,,
17431-25813,WR,Phillip,,Dorsett,5.33571406773159,14,4500,JAC@IND,IND,JAC,,
17431-48344,WR,Albert,,Wilson,4.7461539048415,13,4500,KC@SD,KC,SD,,
17431-62680,WR,Donteea,,Dye,2.47000007629395,10,4500,CAR@TB,TB,CAR,IR,Undisclosed
17431-22746,WR,Kashif,,Moore,0,0,4500,KC@SD,KC,SD,,
17431-28890,RB,Derek,,Watt,1.78333330154419,6,4500,KC@SD,SD,KC,,
17431-24797,RB,Juwan,,Thompson,2.83333333333333,3,4500,OAK@DEN,DEN,OAK,,
17431-34014,WR,Aaron,,Dobson,3.43333339691162,6,4500,GB@DET,DET,GB,,
17431-11488,TE,Ed,,Dickson,2.21818178350275,11,4500,CAR@TB,CAR,TB,,
17431-7394,TE,Brandon,,Pettigrew,2.31428582327706,7,4500,GB@DET,DET,GB,,
17431-9442,WR,Brandon,,Tate,1.46428571428571,14,4500,BUF@NYJ,BUF,NYJ,,
17431-61666,WR,Jared,,Dangerfield,0,0,4500,NO@ATL,NO,ATL,,
17431-25827,TE,Asante,,Cleveland,0.600000023841858,1,4500,KC@SD,SD,KC,,
17431-28907,WR,Alex,,Erickson,0.673333358764648,15,4500,BAL@CIN,CIN,BAL,,
17431-22767,WR,Brian,,Tyms,0,0,4500,JAC@IND,IND,JAC,,
17431-11504,WR,Andre,,Roberts,2.85000010899135,14,4500,GB@DET,DET,GB,,
17431-24817,TE,Nick,,O'Leary,1.78999996185303,10,4500,BUF@NYJ,BUF,NYJ,,
17431-39153,TE,Ifeanyi,,Momah,2,3,4500,ARI@LA,ARI,LA,IR,Wrist
17431-12530,D,Dallas,,Cowboys,5.78571428571429,14,4500,DAL@PHI,DAL,PHI,,
17431-12533,D,Green Bay,,Packers,6.46666666666667,15,4500,GB@DET,GB,DET,,
17431-22774,RB,Jonas,,Gray,4.10000010899135,7,4500,JAC@IND,JAC,IND,,
17431-11511,TE,Tony,,Moeaki,4.43333339691162,3,4500,CHI@MIN,CHI,MIN,,
17431-43260,TE,Darion,,Griswold,0,0,4500,JAC@IND,IND,JAC,,
17431-62718,TE,Daniel,,Brown,4.72000007629395,5,4500,CHI@MIN,CHI,MIN,,
17431-12543,D,New York,,Giants,8.2,15,4500,NYG@WAS,NYG,WAS,,
17431-32000,TE,Luke,,Willson,2.47777769300673,9,4500,SEA@SF,SEA,SF,,
17431-11522,WR,Marcus,,Easley,4.10000006357829,3,4500,BUF@NYJ,BUF,NYJ,NA,Kneecap
17431-28930,RB,James,,White,8.44666646321615,15,4500,NE@MIA,NE,MIA,,
17431-34051,WR,Deshon,,Foxx,0,0,4500,SEA@SF,SEA,SF,,
17431-28933,WR,Jared,,Abbrederis,0.649999976158142,2,4500,GB@DET,GB,DET,,
17431-12551,D,Tampa Bay,,Buccaneers,7.8,15,4500,CAR@TB,TB,CAR,,
17431-12555,D,Baltimore,,Ravens,8.73333333333333,15,4500,BAL@CIN,BAL,CIN,,
17431-33037,WR,Kenbrell,,Thompkins,4.16666666666667,6,4500,BUF@NYJ,NYJ,BUF,,
17431-27918,TE,Henry,,Krieger-Coble,1.79999995231628,1,4500,OAK@DEN,DEN,OAK,,
17431-30990,RB,Jalston,,Fowler,0.733333349227905,3,4500,HOU@TEN,TEN,HOU,,
17431-11538,TE,Garrett,,Graham,1.57142857142857,7,4500,OAK@DEN,DEN,OAK,,
17431-6422,TE,Gary,,Barnidge,6.01333312988281,15,4500,CLE@PIT,CLE,PIT,,
17431-11543,TE,Clay,,Harbor,1.70000004768372,2,4500,GB@DET,DET,GB,,
17431-33047,WR,Chris,,Moore,0.833333333333333,12,4500,BAL@CIN,BAL,CIN,,
17431-34073,TE,Ryan,,Griffin,5.14666646321615,15,4500,HOU@TEN,HOU,TEN,,
17431-55577,WR,Hunter,,Sharp,0,0,4500,DAL@PHI,PHI,DAL,,
17431-53532,WR,Roger,,Lewis,2.80000008477105,9,4500,NYG@WAS,NYG,WAS,,
17431-24862,WR,Rashad,,Greene Sr.,0.462500005960465,8,4500,JAC@IND,JAC,IND,IR,Achilles
17431-25886,WR,Devin,,Street,1.25,2,4500,JAC@IND,IND,JAC,,
17431-45343,WR,Daniel,,Braverman,0,2,4500,CHI@MIN,CHI,MIN,,
17431-10531,WR,Jordan,,Norwood,2.40714291163853,14,4500,OAK@DEN,DEN,OAK,,
17431-11556,TE,Michael,,Hoomanawanui,2.91000003814697,10,4500,NO@ATL,NO,ATL,IR,Lower leg
17431-29991,RB,Bishop,,Sankey,4.18333339691162,12,4500,CHI@MIN,MIN,CHI,,
17431-31015,WR,DeAndrew,,White,1.39999997615814,2,4500,NE@MIA,NE,MIA,,
17431-11562,TE,Andrew,,Quarless,1.69999996821086,3,4500,GB@DET,DET,GB,,
17431-32045,TE,Vance,,McDonald,7.50999984741211,10,4500,SEA@SF,SF,SEA,IR,Shoulder
17431-24882,K,Roberto,,Aguayo,6.46666666666667,15,4500,CAR@TB,TB,CAR,,
17431-14643,RB,DuJuan,,Harris,4.77142878941127,7,4500,SEA@SF,SF,SEA,,
17431-26934,RB,Toben,,Opurum,0,2,4500,OAK@DEN,DEN,OAK,,
17431-30012,WR,Kevin,,Smith,1.93333339691162,3,4500,SEA@SF,SEA,SF,,
17431-22849,TE,Cory,,Harkey,0.849999984105428,6,4500,ARI@LA,LA,ARI,IR,Triceps
17431-27974,WR,Tevaun,,Smith,0,0,4500,JAC@IND,IND,JAC,,
17431-29003,RB,Ka'Deem,,Carey,1.87272730740634,11,4500,CHI@MIN,CHI,MIN,Q,Shoulder
17431-32082,WR,Jordan,,Taylor,3.32999992370605,10,4500,OAK@DEN,DEN,OAK,,
17431-54612,RB,Lorenzo,,Taliaferro,2.5,1,4500,BAL@CIN,BAL,CIN,IR,Hamstring
17431-6488,WR,Dwayne,,Bowe,1.11428574153355,7,4500,CLE@PIT,CLE,PIT,,
17431-14683,RB,Patrick,,DiMarco,1.63333331214057,9,4500,NO@ATL,ATL,NO,,
17431-54621,WR,Walt,,Powell,3.02857153756278,7,4500,BUF@NYJ,BUF,NYJ,IR,Ankle
17431-54623,WR,Jeff,,Janis,2.55000003178914,12,4500,GB@DET,GB,DET,,
17431-31073,RB,Knile,,Davis,0.862500011920929,8,4500,KC@SD,KC,SD,,
17431-48482,TE,David,,Morgan,0.449999988079071,2,4500,CHI@MIN,MIN,CHI,,
17431-22898,RB,Brandon,,Bolden,0.96666669845581,3,4500,NE@MIA,NE,MIA,,
17431-11635,WR,Marc,,Mariani,0,15,4500,HOU@TEN,TEN,HOU,,
17431-28021,RB,Sione,,Houma,0,0,4500,NO@ATL,NO,ATL,,
17431-38264,WR,Demarcus,,Robinson,0,0,4500,KC@SD,KC,SD,,
17431-54651,RB,Dominique,,Williams,0,0,4500,BUF@NYJ,NYJ,BUF,,
17431-37245,RB,Fozzy,,Whittaker,3.91333338419596,15,4500,CAR@TB,CAR,TB,,
17431-38269,RB,Cameron,,Artis-Payne,9.33333333333333,3,4500,CAR@TB,CAR,TB,,
17431-28030,RB,Fitzgerald,,Toussaint,0.580000019073486,10,4500,CLE@PIT,PIT,CLE,,
17431-11648,TE,Jim,,Dray,1.01111115349664,9,4500,SEA@SF,SF,SEA,,
17431-54659,WR,Tony,,Washington,0.800000011920929,1,4500,JAC@IND,JAC,IND,,
17431-22920,TE,Derek,,Carrier,1,2,4500,NYG@WAS,WAS,NYG,,
17431-39305,TE,A.J.,,Derby,3.66666666666667,6,4500,OAK@DEN,DEN,OAK,Q,Concussion
17431-27020,RB,Glenn,,Gronkowski,0,0,4500,NE@MIA,NE,MIA,,
17431-55694,WR,Mike,,Thomas,0.200000007947286,6,4500,ARI@LA,LA,ARI,Q,Hip
17431-22938,WR,Rod,,Streater,3.25833320617676,12,4500,SEA@SF,SF,SEA,,
17431-41370,WR,Trevor,,Davis,0.987500011920929,8,4500,GB@DET,GB,DET,,
17431-29084,WR,Rashad,,Ross,0.649999976158142,2,4500,GB@DET,DET,GB,,
17431-38301,TE,Darren,,Fells,2.27500009536743,8,4500,ARI@LA,ARI,LA,,
17431-45472,TE,Garrett,,Griffin,0,0,4500,NO@ATL,NO,ATL,,
17431-54690,WR,Freddie,,Martino,3.79999987284342,6,4500,CAR@TB,TB,CAR,,
17431-6566,RB,Chris,,Johnson,3.875,4,4500,ARI@LA,ARI,LA,IR,Groin
17431-54694,TE,Justin,,Perillo,1.375,4,4500,CHI@MIN,CHI,MIN,,
17431-6567,TE,David,,Johnson,1.22727272727273,11,4500,CLE@PIT,PIT,CLE,,
17431-14761,WR,Andre,,Holmes,2.89230757493239,13,4500,OAK@DEN,OAK,DEN,,
17431-22958,RB,Bobby,,Rainey,2.87999992370605,10,4500,NYG@WAS,NYG,WAS,,
17431-22959,WR,Deonte,,Thompson,3.27857153756278,14,4500,CHI@MIN,CHI,MIN,,
17431-34224,TE,Kennard,,Backman,0,7,4500,NE@MIA,NE,MIA,,
17431-25011,TE,Darren,,Waller,3.64285714285714,7,4500,BAL@CIN,BAL,CIN,,
17431-31157,WR,Cobi,,Hamilton,3.1,10,4500,CLE@PIT,PIT,CLE,,
17431-26038,TE,Tyler,,Kroft,2.36666663487752,6,4500,BAL@CIN,CIN,BAL,Q,Knee
17431-28088,RB,Denard,,Robinson,3.27999992370605,5,4500,JAC@IND,JAC,IND,Q,Ankle
17431-32185,RB,Zach,,Line,0.25,6,4500,CHI@MIN,MIN,CHI,Q,Concussion
17431-26045,WR,Leonte,,Carroo,2.07999992370605,5,4500,NE@MIA,MIA,NE,,
17431-33218,TE,Bryce,,Williams,0,0,4500,ARI@LA,LA,ARI,,
17431-6595,TE,Matt,,Spaeth,0.666666666666667,3,4500,CLE@PIT,PIT,CLE,,
17431-21957,WR,Kendall,,Wright,6.87272713401101,11,4500,HOU@TEN,TEN,HOU,,
17431-10695,RB,Darrel,,Young,0.688888867696126,9,4500,CHI@MIN,CHI,MIN,,
17431-26057,RB,Michael,,Burton,0,1,4500,GB@DET,DET,GB,,
17431-39373,WR,Jaelen,,Strong,3.35000006357829,6,4500,HOU@TEN,HOU,TEN,IR,Ankle
17431-22991,RB,Jonathan,,Grimes,2.78571428571429,7,4500,HOU@TEN,HOU,TEN,,
17431-31184,RB,Jonathan,,Williams,1.82857145581927,7,4500,BUF@NYJ,BUF,NYJ,,
17431-21972,WR,Brian,,Quick,6.16000010172526,15,4500,ARI@LA,LA,ARI,,
17431-54741,WR,Seth,,Roberts,5.90666656494141,15,4500,OAK@DEN,OAK,DEN,,
17431-54742,TE,Scott,,Simonson,1.5,1,4500,CAR@TB,CAR,TB,,
17431-31191,WR,Mekale,,McKay,0,0,4500,JAC@IND,JAC,IND,,
17431-23003,TE,Phillip,,Supernaw,2.04999995231628,4,4500,HOU@TEN,TEN,HOU,,
17431-25052,RB,Zach,,Laskey,0,0,4500,ARI@LA,LA,ARI,IR,Undisclosed
17431-26076,RB,Sam,,Bergen,0,0,4500,HOU@TEN,TEN,HOU,,
17431-6622,WR,Eric,,Weems,0,14,4500,NO@ATL,ATL,NO,,
17431-15838,TE,Erik,,Swoope,5.0625,8,4500,JAC@IND,IND,JAC,,
17431-28126,TE,Paul,,Lang,0,0,4500,CLE@PIT,PIT,CLE,,
17431-21984,RB,Isaiah,,Pead,1.64999997615814,2,4500,NE@MIA,MIA,NE,,
17431-28131,WR,Keith,,Mumphery,2.02500009536743,4,4500,HOU@TEN,HOU,TEN,,
17431-31207,TE,C.J.,,Uzomah,4.72857121058873,7,4500,BAL@CIN,CIN,BAL,,
17431-32234,RB,Malcolm,,Brown,0.985714299338204,7,4500,ARI@LA,LA,ARI,,
17431-26094,WR,Brandon,,Coleman,4.81666660308838,12,4500,NO@ATL,NO,ATL,,
17431-23023,TE,Cooper,,Helfet,2.78571428571429,7,4500,OAK@DEN,OAK,DEN,,
17431-34288,WR,Rannell,,Hall,0,1,4500,CLE@PIT,CLE,PIT,IR,Leg
17431-43504,RB,Don,,Jackson,1.06666668256124,3,4500,GB@DET,GB,DET,IR,Knee
17431-6642,K,Nick,,Folk,6.66666666666667,15,4500,BUF@NYJ,NYJ,BUF,,
17431-6643,RB,Reggie,,Bush,2.02000007629395,10,4500,BUF@NYJ,BUF,NYJ,,
17431-22003,RB,Ronnie,,Hillman,2.18571431296212,7,4500,KC@SD,SD,KC,,
17431-39411,TE,Gavin,,Escobar,4.90000009536743,2,4500,DAL@PHI,DAL,PHI,,
17431-14837,WR,Jeremy,,Ross,0,4,4500,ARI@LA,ARI,LA,,
17431-11766,TE,Jeff,,Cumberland,1.45714282989502,7,4500,KC@SD,SD,KC,IR,Achilles
17431-22010,WR,DeVier,,Posey,0,0,4500,OAK@DEN,DEN,OAK,,
17431-45562,RB,Paul,,Lasike,0.320000004768372,5,4500,CHI@MIN,CHI,MIN,,
17431-6653,RB,Jerome,,Felton,0.909090909090909,11,4500,BUF@NYJ,BUF,NYJ,,
17431-28157,WR,Bennie,,Fowler,3.2,10,4500,OAK@DEN,DEN,OAK,,
17431-29183,RB,D.J.,,Foster,1.03333330154419,3,4500,NE@MIA,NE,MIA,,
17431-39427,WR,Quinton,,Patton,4.56153840285081,13,4500,SEA@SF,SF,SEA,IR,Foot
17431-6660,RB,Donald,,Brown,6.95000012715658,6,4500,NE@MIA,NE,MIA,,
17431-39428,RB,Kyle,,Juszczyk,3.61333338419596,15,4500,BAL@CIN,BAL,CIN,,
17431-23046,RB,Jamize,,Olawale,4.15833346048991,12,4500,OAK@DEN,OAK,DEN,,
17431-6664,TE,Jacob,,Tamme,6.25,8,4500,NO@ATL,ATL,NO,IR,Shoulder
17431-22029,RB,Bernard,,Pierce,0.824999988079071,4,4500,BUF@NYJ,NYJ,BUF,,
17431-23055,TE,Brandon,,Bostick,1.13750004768372,8,4500,BUF@NYJ,NYJ,BUF,,
17431-6672,TE,Marcedes,,Lewis,3.29000015258789,10,4500,JAC@IND,JAC,IND,IR,Calf
17431-29201,WR,Maurice,,Harris,1.43333339691162,6,4500,NYG@WAS,WAS,NYG,,
17431-22034,WR,Chris,,Givens,3.79285703386579,14,4500,DAL@PHI,PHI,DAL,,
17431-30228,WR,Tyler,,Murphy,2.09999990463257,1,4500,NE@MIA,MIA,NE,,
17431-39445,WR,Brice,,Butler,3.20833333333333,12,4500,DAL@PHI,DAL,PHI,,
17431-39449,WR,Charles,,Johnson,2.43076926011306,13,4500,CHI@MIN,MIN,CHI,,
17431-7706,TE,Chase,,Coffman,8.55000019073486,2,4500,JAC@IND,IND,JAC,,
17431-16923,TE,Austin,,Seferian-Jenkins,3.09999995761447,9,4500,BUF@NYJ,NYJ,BUF,Q,Hamstring
17431-31261,RB,Tre,,Mason,3.26923076923077,13,4500,ARI@LA,LA,ARI,O,Personal
17431-31263,WR,Ricardo,,Louis,2.39090902155096,11,4500,CLE@PIT,CLE,PIT,,
17431-32287,WR,Cayleb,,Jones,0,0,4500,DAL@PHI,PHI,DAL,,
17431-39455,RB,Kerwynn,,Williams,5.59999974568685,3,4500,ARI@LA,ARI,LA,,
17431-22051,TE,Orson,,Charles,0,0,4500,GB@DET,DET,GB,,
17431-30244,RB,Matt,,Jones,10.1857147216797,7,4500,NYG@WAS,WAS,NYG,,
17431-31269,RB,Corey,,Grant,1.64999997615814,8,4500,JAC@IND,JAC,IND,,
17431-7718,RB,Cedric,,Peerman,0,4,4500,BAL@CIN,CIN,BAL,,
17431-22054,WR,Jarius,,Wright,2.43333339691162,3,4500,CHI@MIN,MIN,CHI,,
17431-6702,K,Phil,,Dawson,6.2,15,4500,SEA@SF,SF,SEA,,
17431-22063,WR,Keshawn,,Martin,-2,1,4500,SEA@SF,SF,SEA,,
17431-25135,WR,Marcus,,Leak,0,0,4500,JAC@IND,IND,JAC,,
17431-31280,K,Cody,,Parkey,6.38461538461539,13,4500,CLE@PIT,CLE,PIT,,
17431-22065,TE,Rhett,,Ellison,1.81111102634006,9,4500,CHI@MIN,MIN,CHI,,
17431-29237,WR,Chris,,Harper,2.25714288439069,7,4500,SEA@SF,SF,SEA,,
17431-30261,K,Caleb,,Sturgis,9.4,15,4500,DAL@PHI,PHI,DAL,,
17431-32309,TE,M.J.,,McFarland,0,0,4500,DAL@PHI,PHI,DAL,,
17431-14905,WR,Kamar,,Aiken,3.33999989827474,15,4500,BAL@CIN,BAL,CIN,,
17431-27199,RB,Marcus,,Murphy,0.400000005960465,2,4500,NO@ATL,NO,ATL,,
17431-28226,WR,Aaron,,Burbridge,1.05714287076678,7,4500,SEA@SF,SF,SEA,,
17431-39492,TE,Josh,,Hill,3.54999995231628,8,4500,NO@ATL,NO,ATL,IR,Leg
17431-72262,TE,Nick,,Truesdell,0,0,4500,JAC@IND,IND,JAC,,
17431-12872,RB,James,,Develin,0.471428564616612,7,4500,NE@MIA,NE,MIA,,
17431-6732,RB,DeAngelo,,Williams,9.74285670689174,7,4500,CLE@PIT,PIT,CLE,,
17431-31308,WR,Quan,,Bray,0.96666669845581,6,4500,JAC@IND,IND,JAC,IR,Ankle
17431-22100,K,Randy,,Bullock,6.5,4,4500,BAL@CIN,CIN,BAL,,
17431-28246,WR,Isaac,,Fruechte,0,0,4500,CHI@MIN,MIN,CHI,,
17431-39512,RB,Kendall,,Gaskins,3.67499995231628,4,4500,SEA@SF,SF,SEA,,
17431-18009,TE,Chris,,Manhertz,1.5,1,4500,CAR@TB,CAR,TB,,
17431-28249,RB,David,,Cobb,2.98571423121861,7,4500,CHI@MIN,CHI,MIN,,
17431-30297,TE,Trey,,Burton,3.90769224900466,13,4500,DAL@PHI,PHI,DAL,,
17431-31321,RB,Jay,,Prosch,0.4,5,4500,HOU@TEN,HOU,TEN,,
17431-22109,K,Greg,,Zuerlein,5.78571428571429,14,4500,ARI@LA,LA,ARI,,
17431-27229,RB,Ameer,,Abdullah,12.1499996185303,2,4500,GB@DET,DET,GB,IR,Foot
17431-29277,TE,Stephen,,Anderson,2.59999990463257,8,4500,HOU@TEN,HOU,TEN,,
17431-22113,RB,Alfred,,Morris,2.83846165583684,13,4500,DAL@PHI,DAL,PHI,,
17431-31329,WR,Russell,,Shepard,4.9636362249201,11,4500,CAR@TB,TB,CAR,,
17431-30307,RB,Mack,,Brown,14.5,1,4500,NYG@WAS,WAS,NYG,,
17431-22116,RB,Cyrus,,Gray,0,0,4500,NO@ATL,ATL,NO,,
17431-12903,WR,Andrew,,Hawkins,4.23333333333333,15,4500,CLE@PIT,CLE,PIT,,
17431-7784,WR,Darrius,,Heyward-Bey,5.54999987284343,6,4500,CLE@PIT,PIT,CLE,,
17431-64104,RB,Terrell,,Watson,0,0,4500,DAL@PHI,PHI,DAL,,
17431-29290,WR,Bryce,,Treggs,2.03999996185303,5,4500,DAL@PHI,PHI,DAL,,
17431-22123,TE,James,,Hanna,1.54999995231628,8,4500,DAL@PHI,DAL,PHI,NA,Knee
17431-6767,K,Ryan,,Succop,7.53333333333333,15,4500,HOU@TEN,TEN,HOU,,
17431-6768,WR,Eddie,,Royal,7.93333350287543,9,4500,CHI@MIN,CHI,MIN,IR,Toe
17431-11890,WR,Bryan,,Walters,4.08750009536743,8,4500,JAC@IND,JAC,IND,,
17431-38514,WR,Kevin,,White,7.27500009536743,4,4500,CHI@MIN,CHI,MIN,IR,Lower leg
17431-38517,RB,Dreamius,,Smith,0,2,4500,CLE@PIT,PIT,CLE,,
17431-30326,RB,Keith,,Marshall,0,0,4500,NYG@WAS,WAS,NYG,IR,Elbow
17431-29304,RB,Daniel,,Lasco,1.76666673024495,3,4500,NO@ATL,NO,ATL,,
17431-7801,TE,Brandon,,Myers,2.17499995231628,8,4500,CAR@TB,TB,CAR,,
17431-6778,TE,Anthony,,Fasano,2.42999992370605,10,4500,HOU@TEN,TEN,HOU,,
17431-33403,WR,Tevin,,Jones,0,0,4500,HOU@TEN,HOU,TEN,,
17431-38523,TE,Geoff,,Swaim,1.64999993642171,6,4500,DAL@PHI,DAL,PHI,IR,Pectoral
17431-7806,RB,Darren,,McFadden,1.29999995231628,1,4500,DAL@PHI,DAL,PHI,,
17431-27266,WR,Quincy,,Enunwa,8.62000020345052,15,4500,BUF@NYJ,NYJ,BUF,,
17431-21123,TE,Larry,,Donnell,3.45000012715658,6,4500,NYG@WAS,NYG,WAS,,
17431-25225,WR,Quinshad,,Davis,0,0,4500,GB@DET,DET,GB,,
17431-27273,RB,Andy,,Janovich,2.31428582327706,7,4500,OAK@DEN,DEN,OAK,IR,Ankle
17431-33418,TE,Alan,,Cross,1.60000002384186,8,4500,CAR@TB,TB,CAR,,
17431-29327,WR,Bralon,,Addison,0,1,4500,CHI@MIN,CHI,MIN,,
17431-33424,WR,Mose,,Frazier,0,0,4500,SEA@SF,SF,SEA,,
17431-31378,WR,Kadron,,Boone,0,0,4500,NYG@WAS,NYG,WAS,,
17431-31380,WR,Paul,,Turner,6.55000019073486,2,4500,DAL@PHI,PHI,DAL,,
17431-28311,TE,MarQueis,,Gray,3.04999995231628,8,4500,NE@MIA,MIA,NE,,
17431-32410,RB,Trey,,Williams,1.20000004768372,1,4500,JAC@IND,IND,JAC,,
17431-45723,TE,Crockett,,Gillmore,3.42000007629395,5,4500,BAL@CIN,BAL,CIN,,
17431-29340,WR,Josh,,Huff,3.27999992370605,10,4500,CAR@TB,TB,CAR,,
17431-6823,TE,John,,Phillips,2.60000010899135,7,4500,NO@ATL,NO,ATL,,
17431-29351,WR,De'Anthony,,Thomas,1.09999995761447,9,4500,KC@SD,KC,SD,,
17431-22188,RB,Daryl,,Richardson,0.349999994039535,2,4500,CLE@PIT,PIT,CLE,,
17431-32429,K,Josh,,Lambo,7.8,15,4500,KC@SD,SD,KC,,
17431-46767,TE,Je'Ron,,Hamm,2.29999995231628,1,4500,SEA@SF,SF,SEA,,
17431-7856,WR,Matthew,,Slater,-0.375,4,4500,NE@MIA,NE,MIA,Q,Foot
17431-30385,WR,Marlon,,Brown,2.02222230699327,9,4500,OAK@DEN,DEN,OAK,IR,Undisclosed
17431-22198,WR,Brittan,,Golden,1.74444442325168,9,4500,ARI@LA,ARI,LA,,
17431-31417,WR,James,,Wright,1.65,10,4500,BAL@CIN,CIN,BAL,,
17431-28346,TE,Maxx,,Williams,4.06666660308838,12,4500,BAL@CIN,BAL,CIN,IR,Knee
17431-70335,TE,Seth,,DeValve,3.14285714285714,7,4500,CLE@PIT,CLE,PIT,,
17431-39615,TE,Brandon,,Williams,2.09999990463257,1,4500,SEA@SF,SEA,SF,,
17431-33472,RB,C.J.,,Prosise,8.75,6,4500,SEA@SF,SEA,SF,O,Shoulder
17431-33473,WR,Chris,,Brown,0,0,4500,DAL@PHI,DAL,PHI,,
17431-30403,WR,Chris,,Conley,4.5,15,4500,KC@SD,KC,SD,,
17431-70342,TE,Temarrick,,Hemingway,0,0,4500,ARI@LA,LA,ARI,,
17431-27338,RB,Rex,,Burkhead,4,10,4500,BAL@CIN,CIN,BAL,,
17431-22219,WR,Jermaine,,Kearse,4.80666656494141,15,4500,SEA@SF,SEA,SF,,
17431-31435,TE,Nic,,Jacobs,0.366666674613953,3,4500,BAL@CIN,BAL,CIN,,
17431-22220,TE,Sean,,McGrath,1.16666666666667,3,4500,KC@SD,SD,KC,,
17431-30412,WR,Tavarres,,King,0.550000011920929,2,4500,NYG@WAS,NYG,WAS,,
17431-16078,TE,Ross,,Travis,0.75,4,4500,KC@SD,KC,SD,,
17431-33488,TE,Troy,,Niklas,0.25,2,4500,ARI@LA,ARI,LA,IR,Wrist
17431-47828,RB,Antonio,,Andrews,0.5,3,4500,HOU@TEN,TEN,HOU,,
17431-29404,RB,Byron,,Marshall,3.79999995231628,1,4500,DAL@PHI,PHI,DAL,,
17431-11999,WR,Victor,,Cruz,6.18461550199069,13,4500,NYG@WAS,NYG,WAS,,
17431-45791,WR,Rashard,,Higgins,1.18888886769613,9,4500,CLE@PIT,CLE,PIT,,
17431-39649,RB,Benny,,Cunningham,2.47272734208541,11,4500,ARI@LA,LA,ARI,IR,Neck
17431-32483,WR,Josh,,Boyce,0,0,4500,CLE@PIT,CLE,PIT,,
17431-22244,TE,Beau,,Brinkley,0,16,4500,HOU@TEN,TEN,HOU,,
17431-70372,WR,Chester,,Rogers,2.12307695242075,13,4500,JAC@IND,IND,JAC,,
17431-7918,TE,Matthew,,Mulligan,0.699999988079071,1,4500,GB@DET,DET,GB,,
17431-44784,RB,Darius,,Jackson,0,0,4500,CLE@PIT,CLE,PIT,,
17431-45809,TE,Kivon,,Cartwright,0,0,4500,CAR@TB,TB,CAR,,
17431-22258,RB,Travaris,,Cadet,4.97692284217248,13,4500,NO@ATL,NO,ATL,,
17431-47861,TE,Mitchell,,Henry,0,2,4500,BAL@CIN,BAL,CIN,,
17431-44791,RB,Bronson,,Hill,0,0,4500,JAC@IND,JAC,IND,,
17431-6904,WR,Devin,,Hester,-0.166666666666667,12,4500,BAL@CIN,BAL,CIN,,
17431-28408,WR,Kyle,,Prater,0,0,4500,NO@ATL,NO,ATL,,
17431-33531,TE,Ben,,Koyack,2.70000004768372,8,4500,JAC@IND,JAC,IND,,
17431-38651,TE,Beau,,Sandland,0,0,4500,GB@DET,GB,DET,,
17431-45821,WR,Isaiah,,Burse,0,7,4500,KC@SD,SD,KC,,
17431-6910,K,Robbie,,Gould,5.11111111111111,9,4500,NYG@WAS,NYG,WAS,,
17431-39678,TE,E.J.,,Bibbs,0.600000023841858,2,4500,JAC@IND,JAC,IND,,
17431-47870,TE,Tyler,,Higbee,1.81818181818182,11,4500,ARI@LA,LA,ARI,,
17431-27403,TE,Blake,,Bell,1.75,6,4500,SEA@SF,SF,SEA,IR,Shoulder
17431-25356,TE,Benson,,Browne,0,0,4500,ARI@LA,LA,ARI,,
17431-33552,WR,TJ,,Jones,6.40000009536743,1,4500,GB@DET,DET,GB,,
17431-7953,WR,Vincent,,Jackson,4.95999984741211,5,4500,CAR@TB,TB,CAR,IR,Knee
17431-27411,RB,Aaron,,Ripkowski,3.05555555555556,9,4500,GB@DET,GB,DET,,
17431-22292,RB,Lance,,Dunbar,2.38999996185303,10,4500,DAL@PHI,DAL,PHI,,
17431-28437,TE,Danny,,Vitale,1.07500004768372,4,4500,CLE@PIT,CLE,PIT,,
17431-70423,TE,Anthony,,Norris,0,0,4500,OAK@DEN,DEN,OAK,,
17431-12055,TE,Logan,,Paulsen,0.428571428571429,7,4500,CHI@MIN,CHI,MIN,,
17431-33571,RB,George,,Atkinson III,0,7,4500,CLE@PIT,CLE,PIT,,
17431-31524,WR,Cody,,Core,3.65999984741211,5,4500,BAL@CIN,CIN,BAL,,
17431-29477,TE,Connor,,Hamlett,8.19999980926514,1,4500,CLE@PIT,CLE,PIT,,
17431-7975,RB,Mike,,Tolbert,1.94285719735282,14,4500,CAR@TB,CAR,TB,,
17431-32551,WR,Kolby,,Listenbee,0,0,4500,BUF@NYJ,BUF,NYJ,O,Pelvis
17431-26411,TE,Ryan,,Malleck,0,0,4500,NYG@WAS,NYG,WAS,,
17431-22317,WR,Brenton,,Bersin,1.20000004768372,1,4500,CAR@TB,CAR,TB,,
17431-70444,WR,Paul,,McRoberts,0,0,4500,ARI@LA,LA,ARI,,
17431-10030,WR,Harry,,Douglas,4.07142857142857,7,4500,HOU@TEN,TEN,HOU,,
17431-27439,WR,Durron,,Neal,0,0,4500,OAK@DEN,DEN,OAK,,
17431-43826,WR,Tommylee,,Lewis,1.21999998092651,10,4500,NO@ATL,NO,ATL,,
17431-32564,WR,Josh,,Doctson,3.79999995231628,2,4500,NYG@WAS,WAS,NYG,IR,Achilles
17431-70457,TE,Cole,,Wick,0.933333317438761,3,4500,GB@DET,DET,GB,IR,Knee
17431-29500,WR,Markus,,Wheaton,5.03333346048991,3,4500,CLE@PIT,PIT,CLE,IR,Shoulder
17431-28486,WR,Corey,,Brown,3.05000005449568,14,4500,CAR@TB,CAR,TB,,
17431-28487,TE,Jeff,,Heuerman,3.1,5,4500,OAK@DEN,DEN,OAK,,
17431-15176,K,Kai,,Forbath,9,6,4500,CHI@MIN,MIN,CHI,,
17431-15178,RB,Chase,,Reynolds,0,1,4500,ARI@LA,LA,ARI,,
17431-41806,WR,Laquon,,Treadwell,0.5,4,4500,CHI@MIN,MIN,CHI,Q,Ankle
17431-47953,WR,Lucky,,Whitehead,0.861538446866549,13,4500,DAL@PHI,DAL,PHI,,
17431-28502,WR,Devin,,Smith,2.5,1,4500,BUF@NYJ,NYJ,BUF,,
17431-70489,TE,Ben,,Braunecker,2.03333330154419,3,4500,CHI@MIN,CHI,MIN,,
17431-7001,TE,Kellen,,Davis,0,1,4500,BUF@NYJ,NYJ,BUF,IR,Elbow
17431-44893,RB,Roosevelt,,Nix,0.866666634877523,3,4500,CLE@PIT,PIT,CLE,,
17431-29540,RB,Terron,,Ward,3.34000015258789,5,4500,NO@ATL,ATL,NO,,
17431-70501,RB,C.J.,,Ham,0,0,4500,CHI@MIN,MIN,CHI,,
17431-32613,RB,DeAndre,,Washington,5.83333333333333,12,4500,OAK@DEN,OAK,DEN,,
17431-70506,TE,Ryan,,O'Malley,0,0,4500,OAK@DEN,OAK,DEN,,
17431-28525,WR,Braxton,,Miller,2.33999996185303,10,4500,HOU@TEN,HOU,TEN,IR,Shoulder
17431-25463,WR,Canaan,,Severin,0,0,4500,CLE@PIT,PIT,CLE,IR,Undisclosed
17431-32632,WR,Bradley,,Marquez,0.77142858505249,7,4500,ARI@LA,LA,ARI,IR,Knee
17431-28545,RB,Rod,,Smith,0.449999988079071,2,4500,DAL@PHI,DAL,PHI,,
17431-30598,TE,Busta,,Anderson,0,0,4500,CHI@MIN,CHI,MIN,,
17431-38790,WR,Jalin,,Marshall,2.38888888888889,9,4500,BUF@NYJ,NYJ,BUF,,
17431-23435,TE,Andrew,,DePaola,0,16,4500,CAR@TB,TB,CAR,,
17431-19342,TE,Demetrius,,Harris,2.39999993642171,12,4500,KC@SD,KC,SD,,
17431-29583,TE,Randall,,Telfer,0.349999994039535,4,4500,CLE@PIT,CLE,PIT,,
17431-28562,TE,Jake,,Stoneburner,6.40000025431315,3,4500,NO@ATL,NO,ATL,,
17431-29592,TE,Xavier,,Grimble,3.66249990463257,8,4500,CLE@PIT,PIT,CLE,,
17431-70553,WR,Kieran,,Duncan,0,0,4500,CHI@MIN,CHI,MIN,,
17431-40857,RB,Peyton,,Barber,3.96250009536743,8,4500,CAR@TB,TB,CAR,,
17431-28570,TE,Nick,,Vannett,1.56666660308838,3,4500,SEA@SF,SEA,SF,,
17431-33691,RB,Orleans,,Darkwa,6.32499980926514,4,4500,NYG@WAS,NYG,WAS,IR,Lower leg
17431-70557,WR,Jake,,Lampman,0,0,4500,NO@ATL,NO,ATL,,
17431-22433,TE,Dominique,,Jones,3.12000007629395,5,4500,NE@MIA,MIA,NE,,
17431-32674,TE,Jace,,Amaro,7.40000009536743,1,4500,HOU@TEN,TEN,HOU,,
17431-14245,RB,Shane,,Vereen,6.54000015258789,5,4500,NYG@WAS,NYG,WAS,IR,Triceps
17431-30635,RB,Mike,,Davis,1.85714285714286,7,4500,SEA@SF,SF,SEA,,
17431-22447,WR,Griff,,Whalen,0.800000011920929,4,4500,NE@MIA,NE,MIA,,
17431-46001,RB,Joey,,Iosefa,2.54999995231628,2,4500,NE@MIA,NE,MIA,,
17431-8117,WR,Danny,,Amendola,4.81666660308838,12,4500,NE@MIA,NE,MIA,Q,Ankle
17431-29624,RB,Tre,,Madden,0,0,4500,SEA@SF,SEA,SF,IR,Undisclosed
17431-29625,RB,George,,Farmer,0.5,2,4500,SEA@SF,SEA,SF,,
17431-43961,RB,Tyler,,Ervin,-0.036363636905497,11,4500,HOU@TEN,HOU,TEN,,
17431-14266,RB,Daniel,,Thomas,0,0,4500,NE@MIA,MIA,NE,,
17431-14268,RB,Stevan,,Ridley,0.699999988079071,1,4500,NO@ATL,ATL,NO,,
17431-30652,WR,Tanner,,McEvoy,4.23142869131906,7,4500,SEA@SF,SEA,SF,,
17431-30654,TE,Jerell,,Adams,2.91111119588216,9,4500,NYG@WAS,NYG,WAS,,
17431-32703,WR,Jakeem,,Grant,0.333333333333333,12,4500,NE@MIA,MIA,NE,,
17431-14274,TE,Rob,,Housler,1.06000003814697,5,4500,CHI@MIN,CHI,MIN,,
17431-41922,WR,Johnny,,Holton,1.73999996185303,5,4500,OAK@DEN,OAK,DEN,,
17431-14277,WR,Vincent,,Brown,2.70000004768372,1,4500,NO@ATL,NO,ATL,,
17431-33733,WR,Xavier,,Rush,0,0,4500,DAL@PHI,PHI,DAL,,
17431-43973,RB,Keith,,Smith,1,4,4500,DAL@PHI,DAL,PHI,,
17431-30667,TE,Justice,,Cunningham,0,2,4500,ARI@LA,LA,ARI,,
17431-29645,RB,Javorius,,Allen,2.13333336512248,3,4500,BAL@CIN,BAL,CIN,,
17431-14288,WR,Torrey,,Smith,4.55833339691162,12,4500,SEA@SF,SF,SEA,IR,Concussion
17431-40913,TE,Thomas,,Duarte,0,0,4500,NE@MIA,MIA,NE,,
17431-25554,RB,Nikita,,Whitlock,0,14,4500,NYG@WAS,NYG,WAS,O,Suspension
17431-14292,TE,Jordan,,Cameron,5.33333333333333,3,4500,NE@MIA,MIA,NE,IR,Concussion
17431-30678,WR,Damiere,,Byrd,0,0,4500,CAR@TB,CAR,TB,,
17431-29655,RB,Soma,,Vainuku,0,0,4500,HOU@TEN,HOU,TEN,,
17431-31703,RB,Malcolm,,Johnson,1.01999998092651,5,4500,SEA@SF,SEA,SF,,
17431-14297,WR,Greg,,Salas,8.44999980926514,2,4500,BUF@NYJ,BUF,NYJ,,
17431-30684,RB,Brandon,,Wilds,0.899999976158142,2,4500,BUF@NYJ,NYJ,BUF,,
17431-14304,TE,Luke,,Stocker,0.839999961853027,5,4500,CAR@TB,TB,CAR,,
17431-14305,RB,Roy,,Helu Jr.,2.73749995231628,8,4500,OAK@DEN,OAK,DEN,,
17431-14307,WR,Cecil,,Shorts III,2.95714296613421,7,4500,CAR@TB,TB,CAR,IR,Knee
17431-40932,WR,Pharoh,,Cooper,1.5,8,4500,ARI@LA,LA,ARI,,
17431-72676,RB,Troymaine,,Pope,1.35000002384186,4,4500,SEA@SF,SEA,SF,IR,Ankle
17431-26598,WR,Nelson,,Spruce,0,0,4500,ARI@LA,LA,ARI,IR,Calf
17431-29672,RB,Silas,,Redd Jr.,0,0,4500,NYG@WAS,WAS,NYG,O,Suspension
17431-14319,RB,Taiwan,,Jones,0.785714285714286,7,4500,OAK@DEN,OAK,DEN,,
17431-26610,WR,Paul,,Richardson,3.57272720336914,11,4500,SEA@SF,SEA,SF,,
17431-14327,RB,Anthony,,Sherman,0.480000019073486,5,4500,KC@SD,KC,SD,,
17431-24569,K,Chandler,,Catanzaro,6.86666666666667,15,4500,ARI@LA,ARI,LA,,
17431-12528,D,Cincinnati,,Bengals,5.8,15,4400,BAL@CIN,CIN,BAL,,
17431-12537,D,Oakland,,Raiders,6.33333333333333,15,4400,OAK@DEN,OAK,DEN,,
17431-12538,D,Los Angeles,,Rams,6,15,4400,ARI@LA,LA,ARI,,
17431-12527,D,Chicago,,Bears,5.8,15,4300,CHI@MIN,CHI,MIN,,
17431-12539,D,Miami,,Dolphins,8.26666666666667,15,4300,NE@MIA,MIA,NE,,
17431-12545,D,Philadelphia,,Eagles,8.86666666666667,15,4300,DAL@PHI,PHI,DAL,,
17431-12525,D,Atlanta,,Falcons,7.33333333333333,15,4200,NO@ATL,ATL,NO,,
17431-12532,D,Detroit,,Lions,6.35714285714286,14,4200,GB@DET,DET,GB,,
17431-12535,D,Indianapolis,,Colts,5.46666666666667,15,4200,JAC@IND,IND,JAC,,
17431-12548,D,San Diego,,Chargers,7.66666666666667,15,4200,KC@SD,SD,KC,,
17431-12553,D,Carolina,,Panthers,7.66666666666667,15,4200,CAR@TB,CAR,TB,,
17431-12544,D,New York,,Jets,3.13333333333333,15,4100,BUF@NYJ,NYJ,BUF,,
17431-12554,D,Jacksonville,,Jaguars,4.2,15,4100,JAC@IND,JAC,IND,,
17431-12529,D,Cleveland,,Browns,2.93333333333333,15,4000,CLE@PIT,CLE,PIT,,
17431-12542,D,New Orleans,,Saints,4.06666666666667,15,4000,NO@ATL,NO,ATL,,
17431-12549,D,San Francisco,,49ers,3.93333333333333,15,4000,SEA@SF,SF,SEA,,
